numeric_id,unique_id,original_id,display_name,type,category,disposition,target,authority,note
1,VXL_BLK_Terrain_GrassBlock,terrain.grass.basic,Grass Block,block,Terrain / Soil,CONTEXTUAL TERRAIN REBIND,actual soil + vegetated surface/terrain state,FCC-12,POC generic terrain noun must resolve through current soil/material architecture.
2,VXL_BLK_Terrain_DirtBlock,terrain.dirt.basic,Dirt Block,block,Terrain / Soil,CONTEXTUAL TERRAIN REBIND,actual canonical soil/profile + terrain form,FCC-12,POC generic terrain noun must resolve through current soil/material architecture.
3,VXL_BLK_Terrain_StoneBlock,terrain.stone.basic,Stone Block,block,Terrain / Stone,GENERIC CLASS / CONTEXTUAL,actual stone material + block/natural form,LOCKED FCC-12,"Stone is a superclass, not a single universal exact material."
4,VXL_BLK_Terrain_SandBlock,terrain.sand.basic,Sand Block,block,Terrain / Loose,CLASS / WORLD PROJECTION,composition-bearing Sand class + placed/world form,LOCKED FCC-12,"Sand is a physical/composition class, not one universal exact material."
5,VXL_BLK_Terrain_GravelBlock,terrain.gravel.basic,Gravel Block,block,Terrain / Loose,CLASS / WORLD PROJECTION,composition-bearing Gravel class + placed/world form,LOCKED FCC-12,Gravel is a physical/composition class.
6,VXL_BLK_Terrain_ClayBlock,terrain.clay.basic,Clay Block,block,Terrain / Soil,CLASS / WORLD PROJECTION,specific clay material/profile + placed form,LOCKED FCC-12,Clay is a mineral/feedstock superclass; composition must be known.
7,VXL_BLK_Fluid_WaterBlock,fluid.water.flowing,Water Block,block,Fluid,WORLD PROJECTION,ordinary Water + world-fluid representation,LOCKED FCC-12,"Water is one shared canonical material; Block is representation, not another Water identity."
8,VXL_BLK_Terrain_MudBlock,terrain.mud.basic,Mud Block,block,Terrain / Soil,CONTEXTUAL TERRAIN REBIND,actual soil/sediment + wet/mud condition or mixture,FCC-12,POC generic terrain noun must resolve through current soil/material architecture.
9,VXL_BLK_Natural_OakLog,natural.log.oak,Oak Log,block,Natural / Wood,MERGE / SINGLE-DEFINITION,Oak timber/log object,FCC-12 SINGLE-DEFINITION,Pairs with legacy Item 142. Final Block/inventory projections must not create duplicate underlying objects.
10,VXL_BLK_Natural_OakLeaves,natural.leaves.oak,Oak Leaves,block,Natural / Foliage,LIVING/NATURAL OBJECT — DEFER EXACT,species/plant object and harvested products as later bound,POC + ECOLOGY SYSTEM,Do not infer a new material identity from the world object.
11,VXL_BLK_Construction_OakPlanks,construction.planks.oak,Oak Planks,block,Construction / Wood,RELATIONSHIP CLUSTER / REBIND,Oak timber + plank form,FCC-12 + POC EVIDENCE,"Related to Item 167; likely one physical plank object with world/inventory projections, final binding in FCC-13B."
12,VXL_BLK_Natural_BranchStickBlock,natural.branch.stick,Branch / Stick Block,block,Natural / Harvestable,NATURAL OBJECT / FORM,wood/plant source + branch/stick form,FCC-12 PRINCIPLE + POC,Underlying botanical material should remain known.
13,VXL_BLK_Natural_TallGrass,natural.grass.tall,Tall Grass,block,Natural / Plant,LIVING/NATURAL OBJECT — DEFER EXACT,species/plant object and harvested products as later bound,POC + ECOLOGY SYSTEM,Do not infer a new material identity from the world object.
14,VXL_BLK_Natural_BushBlock,natural.bush.basic,Bush Block,block,Natural / Plant,LIVING/NATURAL OBJECT — DEFER EXACT,species/plant object and harvested products as later bound,POC + ECOLOGY SYSTEM,Do not infer a new material identity from the world object.
15,VXL_BLK_Natural_BasicCropBlock,farm.crop.basic,Basic Crop Block,block,Natural / Crop,LIVING/NATURAL OBJECT — DEFER EXACT,species/plant object and harvested products as later bound,POC + ECOLOGY SYSTEM,Do not infer a new material identity from the world object.
16,VXL_BLK_Natural_WildflowerBlock,natural.flower.basic,Wildflower Block,block,Natural / Plant,LIVING/NATURAL OBJECT — DEFER EXACT,species/plant object and harvested products as later bound,POC + ECOLOGY SYSTEM,Do not infer a new material identity from the world object.
17,VXL_BLK_Resource_CoalOre,ore.coal.basic,Coal Ore,block,Resource / Ore,SOURCE / WORLD DEPOSIT,Coal-bearing source/deposit,CURRENT CANON + FCC-12,World source representation of canonical Coal.
18,VXL_BLK_Resource_CopperOre,ore.copper.basic,Copper Ore,block,Resource / Ore,SOURCE / WORLD DEPOSIT,Copper-bearing ore/deposit,LOCKED FCC-12,Source/deposit relation rather than duplicate Copper material.
19,VXL_BLK_Resource_IronOre,ore.iron.basic,Iron Ore,block,Resource / Ore,SOURCE / WORLD DEPOSIT,Iron-bearing ore/deposit,LOCKED FCC-12,Source/deposit relation rather than duplicate Iron material.
20,VXL_BLK_Resource_ManaCrystalOre,ore.mana_crystal.basic,Mana Crystal Ore,block,Resource / Magical Ore,SOURCE RELATIONSHIP,Raw Mana Crystal source/deposit/block relationship,LOCKED FCC-12,Ore/source representation must not create a duplicate Mana Crystal material.
21,VXL_BLK_Resource_ClayDeposit,deposit.clay.pit,Clay Deposit,block,Resource / Deposit,SOURCE / WORLD DEPOSIT,specific clay deposit/feedstock,LOCKED FCC-12,Clay composition/profile must be preserved.
22,VXL_BLK_Resource_SurfaceStoneBoulder,resource.boulder.stone,Surface Stone Boulder,block,Resource / Surface Node,SOURCE / FORM,actual stone material + boulder form,LOCKED FCC-12,Generic 'stone' must resolve to real source stone.
23,VXL_MCH_Functional_Workbench,functional.workbench.basic,Workbench,block,Functional / Crafting,SYSTEM/OBJECT CANDIDATE — DEFER EXACT,Workbench,POC EVIDENCE,"Concept may remain useful, but current source set does not prove this exact POC Block/ID is canonical. Re-evaluate in FCC-13B/C."
24,VXL_MCH_Functional_StoneFurnace,functional.furnace.stone,Stone Furnace,block,Functional / Smelting,SYSTEM/OBJECT CANDIDATE — DEFER EXACT,Stone Furnace,POC EVIDENCE,"Concept may remain useful, but current source set does not prove this exact POC Block/ID is canonical. Re-evaluate in FCC-13B/C."
25,VXL_BLK_Magic_ManaFurnace,magic.furnace.mana,Mana Furnace,block,Magic / Processing,SYSTEM/OBJECT CANDIDATE — DEFER EXACT,Mana Furnace,POC EVIDENCE,"Concept may remain useful, but current source set does not prove this exact POC Block/ID is canonical. Re-evaluate in FCC-13B/C."
26,VXL_BLK_Storage_WoodenChest,storage.chest.wood,Wooden Chest,block,Storage,SYSTEM/OBJECT CANDIDATE — DEFER EXACT,Wooden Chest,POC EVIDENCE,"Concept may remain useful, but current source set does not prove this exact POC Block/ID is canonical. Re-evaluate in FCC-13B/C."
27,VXL_BLK_Village_VillageWarehouse,village.warehouse.basic,Village Warehouse,block,Village / Storage,SYSTEM/OBJECT CANDIDATE — DEFER EXACT,Village Warehouse,POC EVIDENCE,"Concept may remain useful, but current source set does not prove this exact POC Block/ID is canonical. Re-evaluate in FCC-13B/C."
28,VXL_MCH_Automation_BasicManaMiner,automation.miner.basic_mana,Basic Mana Miner,block,Automation / Machine,SYSTEM/OBJECT CANDIDATE — DEFER EXACT,Basic Mana Miner,POC EVIDENCE,"Concept may remain useful, but current source set does not prove this exact POC Block/ID is canonical. Re-evaluate in FCC-13B/C."
29,VXL_MCH_Automation_BasicItemChute,automation.transport.chute,Basic Item Chute,block,Automation / Logistics,SYSTEM CANDIDATE / REBIND,Basic Item Chute,PROJECT ARCHITECTURE + POC,"Concept aligns with established logistics/power/automation direction; exact ID, object model and progression status remain unbound."
30,VXL_BLK_Magic_RuneTable,magic.rune_table.basic,Rune Table,block,Magic / Crafting,SYSTEM/OBJECT CANDIDATE — DEFER EXACT,Rune Table,POC EVIDENCE,"Concept may remain useful, but current source set does not prove this exact POC Block/ID is canonical. Re-evaluate in FCC-13B/C."
31,VXL_BLK_Construction_StoneBrick,construction.brick.stone,Stone Brick,block,Construction / Stone,MERGE / SINGLE-DEFINITION,stone-material masonry brick object,FCC-12 SINGLE-DEFINITION,Pairs with legacy Item 170. Final Block/inventory projections must not create duplicate underlying objects.
32,VXL_BLK_Construction_Cobblestone,construction.cobble.stone,Cobblestone,block,Construction / Stone,MERGE / SINGLE-DEFINITION,stone-material cobble object,FCC-12 SINGLE-DEFINITION,Pairs with legacy Item 169. Final Block/inventory projections must not create duplicate underlying objects.
33,VXL_BLK_Construction_OakBeam,construction.beam.oak,Oak Beam,block,Construction / Wood,MERGE / SINGLE-DEFINITION,Oak timber beam object,FCC-12 SINGLE-DEFINITION,Pairs with legacy Item 168. Final Block/inventory projections must not create duplicate underlying objects.
34,VXL_BLK_Construction_OakStair,construction.stair.oak,Oak Stair,block,Construction / Wood Shape,FORM REBIND,Oak timber + standard construction form,LOCKED FCC-12,Standard derived-form candidate; final Oak material binding must respect current timber canon.
35,VXL_BLK_Construction_OakSlab,construction.slab.oak,Oak Slab,block,Construction / Wood Shape,FORM REBIND,Oak timber + standard construction form,LOCKED FCC-12,Standard derived-form candidate; final Oak material binding must respect current timber canon.
36,VXL_BLK_Construction_ThatchRoofBlock,construction.roof.thatch,Thatch Roof Block,block,Construction / Roof,FORM/PRODUCT REBIND,valid fibre/plant provider + authored form/product,LOCKED FCC-12,Underlying fibre/material must remain explicit; do not use generic Plant Fibre as universal identity.
37,VXL_BLK_Construction_OakDoor,construction.door.oak,Oak Door,block,Construction / Door,OBJECT/PROVIDER REBIND,timber material/provider + construction archetype,FCC-12 + PROJECT SYSTEM,Retain actual timber composition; exact object/archetype remains FCC-13B work.
38,VXL_BLK_Construction_OakFence,construction.fence.oak,Oak Fence,block,Construction / Fence,OBJECT/PROVIDER REBIND,timber material/provider + construction archetype,FCC-12 + PROJECT SYSTEM,Retain actual timber composition; exact object/archetype remains FCC-13B work.
39,VXL_BLK_Construction_GlassWindow,construction.window.glass,Glass Window,block,Construction / Window,DEFER / UNCONFIRMED,Glass Window,POC EVIDENCE,No automatic canonical carry-forward. Requires a later FCC-13 source/canon decision.
40,VXL_BLK_Defence_WatchtowerCore,defence.watchtower.core,Watchtower Core,block,Defence / Blueprint Piece,COMPONENT / DEFER EXACT,Watchtower Core,POC EVIDENCE,"Treat as a manufactured component, not material. Current sources do not by themselves prove the exact component survives unchanged."
41,VXL_BLK_Defence_WoodenPalisade,defence.palisade.wood,Wooden Palisade,block,Defence / Wall,OBJECT/PROVIDER REBIND,timber material/provider + construction archetype,FCC-12 + PROJECT SYSTEM,Retain actual timber composition; exact object/archetype remains FCC-13B work.
42,VXL_BLK_Defence_WoodenGate,defence.gate.wood,Wooden Gate,block,Defence / Gate,OBJECT/PROVIDER REBIND,timber material/provider + construction archetype,FCC-12 + PROJECT SYSTEM,Retain actual timber composition; exact object/archetype remains FCC-13B work.
43,VXL_BLK_Lighting_Torch,light.torch.basic,Torch,block,Lighting / Safety,SYSTEM/OBJECT CANDIDATE — DEFER EXACT,Torch,POC EVIDENCE,"Concept may remain useful, but current source set does not prove this exact POC Block/ID is canonical. Re-evaluate in FCC-13B/C."
44,VXL_BLK_Defence_BasicSpikeTrap,defence.trap.spike_basic,Basic Spike Trap,block,Defence / Trap,SYSTEM/OBJECT CANDIDATE — DEFER EXACT,Basic Spike Trap,POC EVIDENCE,"Concept may remain useful, but current source set does not prove this exact POC Block/ID is canonical. Re-evaluate in FCC-13B/C."
45,VXL_BLK_Village_GuardPostMarker,village.guard_post.marker,Guard Post Marker,block,Village / Defence,SYSTEM/OBJECT CANDIDATE — DEFER EXACT,Guard Post Marker,POC EVIDENCE,"Concept may remain useful, but current source set does not prove this exact POC Block/ID is canonical. Re-evaluate in FCC-13B/C."
46,VXL_BLK_Magic_WardLantern,magic.ward_lantern.basic,Ward Lantern,block,Magic / Defence,SYSTEM/OBJECT CANDIDATE — DEFER EXACT,Ward Lantern,POC EVIDENCE,"Concept may remain useful, but current source set does not prove this exact POC Block/ID is canonical. Re-evaluate in FCC-13B/C."
47,VXL_BLK_Magic_BasicManaConduit,magic.conduit.mana_basic,Basic Mana Conduit,block,Magic / Network,SYSTEM/OBJECT CANDIDATE — DEFER EXACT,Basic Mana Conduit,POC EVIDENCE,"Concept may remain useful, but current source set does not prove this exact POC Block/ID is canonical. Re-evaluate in FCC-13B/C."
48,VXL_BLK_Terrain_Deepstone,terrain.deepstone.basic,Deepstone,block,Terrain / Deep Stone,RETIRE / ALIAS,legacy geological/category term only,LOCKED FCC-12,Must not survive as an active exact material.
49,VXL_BLK_Terrain_Limestone,terrain.limestone.basic,Limestone,block,Terrain / Stone Variant,REBIND CANONICAL,Limestone,LOCKED FCC-12,Canonical Overworld stone.
50,VXL_BLK_Terrain_Basalt,terrain.basalt.basic,Basalt,block,Terrain / Volcanic Stone,REBIND CANONICAL,Basalt,LOCKED FCC-12,Shared universal Basalt identity.
51,VXL_BLK_Terrain_Granite,terrain.granite.basic,Granite,block,Terrain / Stone Variant,REBIND CANONICAL,Granite,LOCKED FCC-12,Canonical Overworld stone.
52,VXL_BLK_Terrain_MossyCaveStone,terrain.mossy_stone.cave,Mossy Cave Stone,block,Terrain / Cave Variant,STATE/OVERLAY CONTEXTUAL,actual cave stone + moss/biological surface state,FCC-12,Do not create a generic independent Mossy Cave Stone material.
53,VXL_BLK_Terrain_CrystalStone,terrain.crystal_stone.basic,Crystal Stone,block,Terrain / Magical Stone,MIGRATE CONTEXTUALLY / RETIRE,actual canonical material if source evidence identifies one,LOCKED FCC-12,Generic POC magical-stone placeholder.
54,VXL_BLK_Terrain_SnowBlock,terrain.snow.basic,Snow Block,block,Terrain / Cold,PHASE/FORM REVIEW,Water-derived frozen/snow world representation,FCC-12 PRINCIPLE + POC,"Phase/form semantics are expected, but exact world-object binding remains FCC-13B."
55,VXL_BLK_Terrain_IceBlock,terrain.ice.basic,Ice Block,block,Terrain / Hazard,PHASE/FORM REVIEW,Water-derived frozen/snow world representation,FCC-12 PRINCIPLE + POC,"Phase/form semantics are expected, but exact world-object binding remains FCC-13B."
56,VXL_BLK_Terrain_FertileSoil,terrain.soil.fertile,Fertile Soil,block,Terrain / Farming,STATE / QUALITY,actual soil + fertility state/profile,LOCKED FCC-12,Fertility does not create a new universal soil material.
57,VXL_BLK_Farming_TilledFarmland,farm.farmland.tilled,Tilled Farmland,block,Farming,STATE / WORLD PROJECTION,actual soil + tilled/cultivated state,LOCKED FCC-12,"Cultivation is state/land use, not new material identity."
58,VXL_BLK_Natural_ReedBlock,natural.reed.basic,Reed Block,block,Natural / Plant,RELATIONSHIP CLUSTER / REBIND,living/world reed object,FCC-12 + POC EVIDENCE,Related to Item 219; exact botanical identity is not established by POC alone.
59,VXL_BLK_Natural_CaveMushroom,natural.mushroom.cave,Cave Mushroom,block,Natural / Fungi,RELATIONSHIP CLUSTER / REBIND,living Cave Mushroom world object,FCC-12 + POC EVIDENCE,Related to Item 218; living growth vs harvested food may legitimately use distinct content identities.
60,VXL_BLK_Construction_ClayBrickBlock,construction.brick.clay,Clay Brick Block,block,Construction / Brick,RELATIONSHIP CLUSTER / REBIND,fired ceramic/clay + brick form,FCC-12 + POC EVIDENCE,Related to Item 223; likely world/inventory projections of the same physical brick construction form.
61,VXL_BLK_Construction_ClayRoofTile,construction.roof.tile_clay,Clay Roof Tile,block,Construction / Roof,MERGE / SINGLE-DEFINITION,ceramic/clay roof-tile object,FCC-12 SINGLE-DEFINITION,Pairs with legacy Item 224. Final Block/inventory projections must not create duplicate underlying objects.
62,VXL_BLK_Construction_StonePillar,construction.pillar.stone,Stone Pillar,block,Construction / Stone Shape,PROVIDER/FORM REBIND,actual stone/provider + authored construction form,LOCKED FCC-12,Generic stone must resolve through actual material/provider semantics.
63,VXL_BLK_Construction_StoneWall,construction.wall.stone,Stone Wall,block,Construction / Wall,PROVIDER/FORM REBIND,actual stone/provider + authored construction form,LOCKED FCC-12,Generic stone must resolve through actual material/provider semantics.
64,VXL_BLK_Construction_StoneArch,construction.arch.stone,Stone Arch,block,Construction / Modular,PROVIDER/FORM REBIND,actual stone/provider + authored construction form,LOCKED FCC-12,Generic stone must resolve through actual material/provider semantics.
65,VXL_BLK_Construction_WoodenShutter,construction.shutter.wood,Wooden Shutter,block,Construction / Window Detail,OBJECT/PROVIDER REBIND,timber material/provider + construction archetype,FCC-12 + PROJECT SYSTEM,Retain actual timber composition; exact object/archetype remains FCC-13B work.
66,VXL_BLK_Utility_WoodenLadder,utility.ladder.wood,Wooden Ladder,block,Utility / Climbable,OBJECT/PROVIDER REBIND,timber material/provider + construction archetype,FCC-12 + PROJECT SYSTEM,Retain actual timber composition; exact object/archetype remains FCC-13B work.
67,VXL_BLK_Construction_WoodenTrapdoor,construction.trapdoor.wood,Wooden Trapdoor,block,Construction / Door,OBJECT/PROVIDER REBIND,timber material/provider + construction archetype,FCC-12 + PROJECT SYSTEM,Retain actual timber composition; exact object/archetype remains FCC-13B work.
68,VXL_BLK_Furniture_SimpleBed,furniture.bed.simple,Simple Bed,block,Furniture / Functional,SYSTEM/OBJECT CANDIDATE — DEFER EXACT,Simple Bed,POC EVIDENCE,"Concept may remain useful, but current source set does not prove this exact POC Block/ID is canonical. Re-evaluate in FCC-13B/C."
69,VXL_BLK_Furniture_WoodenTable,furniture.table.wood,Wooden Table,block,Furniture / Decorative,SYSTEM/OBJECT CANDIDATE — DEFER EXACT,Wooden Table,POC EVIDENCE,"Concept may remain useful, but current source set does not prove this exact POC Block/ID is canonical. Re-evaluate in FCC-13B/C."
70,VXL_BLK_Furniture_WoodenChair,furniture.chair.wood,Wooden Chair,block,Furniture / Decorative,SYSTEM/OBJECT CANDIDATE — DEFER EXACT,Wooden Chair,POC EVIDENCE,"Concept may remain useful, but current source set does not prove this exact POC Block/ID is canonical. Re-evaluate in FCC-13B/C."
71,VXL_BLK_Furniture_Bookshelf,furniture.bookshelf.basic,Bookshelf,block,Furniture / Functional,SYSTEM/OBJECT CANDIDATE — DEFER EXACT,Bookshelf,POC EVIDENCE,"Concept may remain useful, but current source set does not prove this exact POC Block/ID is canonical. Re-evaluate in FCC-13B/C."
72,VXL_BLK_Road_DirtPath,road.path.dirt,Dirt Path,block,Road / Movement,SYSTEM/OBJECT CANDIDATE — DEFER EXACT,Dirt Path,POC EVIDENCE,"Concept may remain useful, but current source set does not prove this exact POC Block/ID is canonical. Re-evaluate in FCC-13B/C."
73,VXL_MCH_Functional_Sawmill,functional.sawmill.basic,Sawmill,block,Functional / Processing,SYSTEM/OBJECT CANDIDATE — DEFER EXACT,Sawmill,POC EVIDENCE,"Concept may remain useful, but current source set does not prove this exact POC Block/ID is canonical. Re-evaluate in FCC-13B/C."
74,VXL_MCH_Functional_ForgeAndAnvil,functional.forge.anvil,Forge and Anvil,block,Functional / Smithing,SYSTEM/OBJECT CANDIDATE — DEFER EXACT,Forge and Anvil,POC EVIDENCE,"Concept may remain useful, but current source set does not prove this exact POC Block/ID is canonical. Re-evaluate in FCC-13B/C."
75,VXL_MCH_Functional_Loom,functional.loom.basic,Loom,block,Functional / Crafting,SYSTEM/OBJECT CANDIDATE — DEFER EXACT,Loom,POC EVIDENCE,"Concept may remain useful, but current source set does not prove this exact POC Block/ID is canonical. Re-evaluate in FCC-13B/C."
76,VXL_MCH_Functional_AlchemyTable,functional.alchemy_table.basic,Alchemy Table,block,Functional / Magic Crafting,SYSTEM/OBJECT CANDIDATE — DEFER EXACT,Alchemy Table,POC EVIDENCE,"Concept may remain useful, but current source set does not prove this exact POC Block/ID is canonical. Re-evaluate in FCC-13B/C."
77,VXL_BLK_Magic_EnchantingStation,magic.enchanting_station.basic,Enchanting Station,block,Magic / Crafting,SYSTEM/OBJECT CANDIDATE — DEFER EXACT,Enchanting Station,POC EVIDENCE,"Concept may remain useful, but current source set does not prove this exact POC Block/ID is canonical. Re-evaluate in FCC-13B/C."
78,VXL_MCH_Automation_MachineAssembler,automation.assembler.basic,Machine Assembler,block,Automation / Crafting,SYSTEM/OBJECT CANDIDATE — DEFER EXACT,Machine Assembler,POC EVIDENCE,"Concept may remain useful, but current source set does not prove this exact POC Block/ID is canonical. Re-evaluate in FCC-13B/C."
79,VXL_MCH_Functional_ResearchDesk,functional.research_desk.basic,Research Desk,block,Functional / Research,SYSTEM/OBJECT CANDIDATE — DEFER EXACT,Research Desk,POC EVIDENCE,"Concept may remain useful, but current source set does not prove this exact POC Block/ID is canonical. Re-evaluate in FCC-13B/C."
80,VXL_BLK_Storage_WoodenCrate,storage.crate.wood,Wooden Crate,block,Storage,SYSTEM/OBJECT CANDIDATE — DEFER EXACT,Wooden Crate,POC EVIDENCE,"Concept may remain useful, but current source set does not prove this exact POC Block/ID is canonical. Re-evaluate in FCC-13B/C."
81,VXL_BLK_Storage_WoodenBarrel,storage.barrel.wood,Wooden Barrel,block,Storage / Fluid or Food,SYSTEM/OBJECT CANDIDATE — DEFER EXACT,Wooden Barrel,POC EVIDENCE,"Concept may remain useful, but current source set does not prove this exact POC Block/ID is canonical. Re-evaluate in FCC-13B/C."
82,VXL_BLK_Storage_GrainSilo,storage.silo.basic,Grain Silo,block,Storage / Village Food,SYSTEM/OBJECT CANDIDATE — DEFER EXACT,Grain Silo,POC EVIDENCE,"Concept may remain useful, but current source set does not prove this exact POC Block/ID is canonical. Re-evaluate in FCC-13B/C."
83,VXL_BLK_Storage_LinkedWarehouse,storage.warehouse.linked,Linked Warehouse,block,Storage / Magic Logistics,SYSTEM/OBJECT CANDIDATE — DEFER EXACT,Linked Warehouse,POC EVIDENCE,"Concept may remain useful, but current source set does not prove this exact POC Block/ID is canonical. Re-evaluate in FCC-13B/C."
84,VXL_MCH_Automation_CartDepot,automation.cart_depot.basic,Cart Depot,block,Automation / Logistics,SYSTEM/OBJECT CANDIDATE — DEFER EXACT,Cart Depot,POC EVIDENCE,"Concept may remain useful, but current source set does not prove this exact POC Block/ID is canonical. Re-evaluate in FCC-13B/C."
85,VXL_MCH_Automation_ConveyorBelt,automation.conveyor.basic,Conveyor Belt,block,Automation / Logistics,SYSTEM CANDIDATE / REBIND,Conveyor Belt,PROJECT ARCHITECTURE + POC,"Concept aligns with established logistics/power/automation direction; exact ID, object model and progression status remain unbound."
86,VXL_MCH_Automation_ItemPipe,automation.pipe.item_basic,Item Pipe,block,Automation / Logistics,SYSTEM CANDIDATE / REBIND,Item Pipe,PROJECT ARCHITECTURE + POC,"Concept aligns with established logistics/power/automation direction; exact ID, object model and progression status remain unbound."
87,VXL_MCH_Automation_Splitter,automation.splitter.basic,Splitter,block,Automation / Logistics,SYSTEM CANDIDATE / REBIND,Splitter,PROJECT ARCHITECTURE + POC,"Concept aligns with established logistics/power/automation direction; exact ID, object model and progression status remain unbound."
88,VXL_MCH_Automation_SorterFilter,automation.sorter.basic,Sorter / Filter,block,Automation / Logistics,SYSTEM CANDIDATE / REBIND,Sorter / Filter,PROJECT ARCHITECTURE + POC,"Concept aligns with established logistics/power/automation direction; exact ID, object model and progression status remain unbound."
89,VXL_MCH_Automation_Merger,automation.merger.basic,Merger,block,Automation / Logistics,SYSTEM CANDIDATE / REBIND,Merger,PROJECT ARCHITECTURE + POC,"Concept aligns with established logistics/power/automation direction; exact ID, object model and progression status remain unbound."
90,VXL_MCH_Automation_Crusher,automation.crusher.basic,Crusher,block,Automation / Machine,SYSTEM/OBJECT CANDIDATE — DEFER EXACT,Crusher,POC EVIDENCE,"Concept may remain useful, but current source set does not prove this exact POC Block/ID is canonical. Re-evaluate in FCC-13B/C."
91,VXL_MCH_Automation_Grinder,automation.grinder.basic,Grinder,block,Automation / Machine,SYSTEM/OBJECT CANDIDATE — DEFER EXACT,Grinder,POC EVIDENCE,"Concept may remain useful, but current source set does not prove this exact POC Block/ID is canonical. Re-evaluate in FCC-13B/C."
92,VXL_MCH_Automation_Pump,automation.pump.basic,Pump,block,Automation / Fluid,SYSTEM CANDIDATE / REBIND,Pump,PROJECT ARCHITECTURE + POC,"Concept aligns with established logistics/power/automation direction; exact ID, object model and progression status remain unbound."
93,VXL_MCH_Automation_FluidPipe,automation.pipe.fluid_basic,Fluid Pipe,block,Automation / Fluid,SYSTEM CANDIDATE / REBIND,Fluid Pipe,PROJECT ARCHITECTURE + POC,"Concept aligns with established logistics/power/automation direction; exact ID, object model and progression status remain unbound."
94,VXL_BLK_Automation_WaterWheel,power.water_wheel.basic,Water Wheel,block,Automation / Power,SYSTEM CANDIDATE / REBIND,Water Wheel,PROJECT ARCHITECTURE + POC,"Concept aligns with established logistics/power/automation direction; exact ID, object model and progression status remain unbound."
95,VXL_BLK_Automation_Windmill,power.windmill.basic,Windmill,block,Automation / Power,SYSTEM CANDIDATE / REBIND,Windmill,PROJECT ARCHITECTURE + POC,"Concept aligns with established logistics/power/automation direction; exact ID, object model and progression status remain unbound."
96,VXL_BLK_Automation_ManualCrank,power.crank.basic,Manual Crank,block,Automation / Power,SYSTEM CANDIDATE / REBIND,Manual Crank,PROJECT ARCHITECTURE + POC,"Concept aligns with established logistics/power/automation direction; exact ID, object model and progression status remain unbound."
97,VXL_BLK_Automation_FuelEngine,power.engine.fuel,Fuel Engine,block,Automation / Power,SYSTEM CANDIDATE / REBIND,Fuel Engine,PROJECT ARCHITECTURE + POC,"Concept aligns with established logistics/power/automation direction; exact ID, object model and progression status remain unbound."
98,VXL_BLK_Magic_ManaBattery,magic.battery.mana,Mana Battery,block,Magic / Power Storage,SYSTEM/OBJECT CANDIDATE — DEFER EXACT,Mana Battery,POC EVIDENCE,"Concept may remain useful, but current source set does not prove this exact POC Block/ID is canonical. Re-evaluate in FCC-13B/C."
99,VXL_BLK_Magic_RuneEngine,magic.engine.rune,Rune Engine,block,Magic / Power,SYSTEM/OBJECT CANDIDATE — DEFER EXACT,Rune Engine,POC EVIDENCE,"Concept may remain useful, but current source set does not prove this exact POC Block/ID is canonical. Re-evaluate in FCC-13B/C."
100,VXL_MCH_Automation_ArcaneFurnace,automation.arcane_furnace.advanced,Arcane Furnace,block,Automation / Magic Machine,SYSTEM/OBJECT CANDIDATE — DEFER EXACT,Arcane Furnace,POC EVIDENCE,"Concept may remain useful, but current source set does not prove this exact POC Block/ID is canonical. Re-evaluate in FCC-13B/C."
101,VXL_MCH_Automation_RuneMiner,automation.rune_miner.basic,Rune Miner,block,Automation / Magic Machine,SYSTEM/OBJECT CANDIDATE — DEFER EXACT,Rune Miner,POC EVIDENCE,"Concept may remain useful, but current source set does not prove this exact POC Block/ID is canonical. Re-evaluate in FCC-13B/C."
102,VXL_MCH_Automation_GolemWorkstation,automation.golem_workstation.basic,Golem Workstation,block,Automation / Labour,SYSTEM/OBJECT CANDIDATE — DEFER EXACT,Golem Workstation,POC EVIDENCE,"Concept may remain useful, but current source set does not prove this exact POC Block/ID is canonical. Re-evaluate in FCC-13B/C."
103,VXL_MCH_Automation_FarmProcessor,automation.processor.farm,Farm Processor,block,Automation / Agriculture,SYSTEM/OBJECT CANDIDATE — DEFER EXACT,Farm Processor,POC EVIDENCE,"Concept may remain useful, but current source set does not prove this exact POC Block/ID is canonical. Re-evaluate in FCC-13B/C."
104,VXL_MCH_Automation_PlankMaker,automation.plank_maker.basic,Plank Maker,block,Automation / Wood Processing,SYSTEM/OBJECT CANDIDATE — DEFER EXACT,Plank Maker,POC EVIDENCE,"Concept may remain useful, but current source set does not prove this exact POC Block/ID is canonical. Re-evaluate in FCC-13B/C."
105,VXL_MCH_Automation_ArcaneAssembler,automation.assembler.arcane,Arcane Assembler,block,Automation / Magic Crafting,SYSTEM/OBJECT CANDIDATE — DEFER EXACT,Arcane Assembler,POC EVIDENCE,"Concept may remain useful, but current source set does not prove this exact POC Block/ID is canonical. Re-evaluate in FCC-13B/C."
106,VXL_BLK_Magic_ManaCrystalBlock,magic.crystal_block.mana,Mana Crystal Block,block,Magic / Resource Block,SYSTEM/OBJECT CANDIDATE — DEFER EXACT,Mana Crystal Block,POC EVIDENCE,"Concept may remain useful, but current source set does not prove this exact POC Block/ID is canonical. Re-evaluate in FCC-13B/C."
107,VXL_BLK_Magic_RitualAnchor,magic.ritual_anchor.basic,Ritual Anchor,block,Magic / Ritual,SYSTEM/OBJECT CANDIDATE — DEFER EXACT,Ritual Anchor,POC EVIDENCE,"Concept may remain useful, but current source set does not prove this exact POC Block/ID is canonical. Re-evaluate in FCC-13B/C."
108,VXL_BLK_Magic_AncientPortalFrame,magic.portal_frame.ancient,Ancient Portal Frame,block,Magic / Portal,STRUCTURE / MIGRATION,archaeological or canonical portal-structure content,LOCKED FCC-12,Not a generic seventh portal material/family.
109,VXL_BLK_Magic_CorruptedGround,magic.corruption.ground,Corrupted Ground,block,Magic / Corruption,STATE / OVERLAY,actual ground material + corruption state/overlay,LOCKED FCC-12,Corruption is state-first.
110,VXL_BLK_Defence_RuneTrap,magic.trap.rune,Rune Trap,block,Defence / Magic Trap,SYSTEM/OBJECT CANDIDATE — DEFER EXACT,Rune Trap,POC EVIDENCE,"Concept may remain useful, but current source set does not prove this exact POC Block/ID is canonical. Re-evaluate in FCC-13B/C."
111,VXL_BLK_Defence_SpellTurret,magic.turret.spell_basic,Spell Turret,block,Defence / Magic Machine,SYSTEM/OBJECT CANDIDATE — DEFER EXACT,Spell Turret,POC EVIDENCE,"Concept may remain useful, but current source set does not prove this exact POC Block/ID is canonical. Re-evaluate in FCC-13B/C."
112,VXL_BLK_Magic_EnchantmentPillar,magic.pillar.enchantment,Enchantment Pillar,block,Magic / Structure,SYSTEM/OBJECT CANDIDATE — DEFER EXACT,Enchantment Pillar,POC EVIDENCE,"Concept may remain useful, but current source set does not prove this exact POC Block/ID is canonical. Re-evaluate in FCC-13B/C."
113,VXL_BLK_Magic_WardObelisk,magic.obelisk.ward,Ward Obelisk,block,Magic / Village Defence,SYSTEM/OBJECT CANDIDATE — DEFER EXACT,Ward Obelisk,POC EVIDENCE,"Concept may remain useful, but current source set does not prove this exact POC Block/ID is canonical. Re-evaluate in FCC-13B/C."
114,VXL_BLK_Village_BlueprintMarker,village.blueprint_marker.basic,Blueprint Marker,block,Village / Construction,SYSTEM/OBJECT CANDIDATE — DEFER EXACT,Blueprint Marker,POC EVIDENCE,"Concept may remain useful, but current source set does not prove this exact POC Block/ID is canonical. Re-evaluate in FCC-13B/C."
115,VXL_BLK_Village_ScaffoldBlock,village.scaffold.wood,Scaffold Block,block,Village / Construction,SYSTEM/OBJECT CANDIDATE — DEFER EXACT,Scaffold Block,POC EVIDENCE,"Concept may remain useful, but current source set does not prove this exact POC Block/ID is canonical. Re-evaluate in FCC-13B/C."
116,VXL_BLK_Village_ConstructionSupplyCrate,village.supply_crate.construction,Construction Supply Crate,block,Village / Construction Storage,SYSTEM/OBJECT CANDIDATE — DEFER EXACT,Construction Supply Crate,POC EVIDENCE,"Concept may remain useful, but current source set does not prove this exact POC Block/ID is canonical. Re-evaluate in FCC-13B/C."
117,VXL_BLK_Village_JobsiteMarker,village.job_marker.basic,Job-Site Marker,block,Village / NPC Logic,SYSTEM/OBJECT CANDIDATE — DEFER EXACT,Job-Site Marker,POC EVIDENCE,"Concept may remain useful, but current source set does not prove this exact POC Block/ID is canonical. Re-evaluate in FCC-13B/C."
118,VXL_BLK_Village_RepairMarker,village.repair_marker.basic,Repair Marker,block,Village / Repair,SYSTEM/OBJECT CANDIDATE — DEFER EXACT,Repair Marker,POC EVIDENCE,"Concept may remain useful, but current source set does not prove this exact POC Block/ID is canonical. Re-evaluate in FCC-13B/C."
119,VXL_BLK_Village_MarketStall,village.market_stall.basic,Market Stall,block,Village / Trade,SYSTEM/OBJECT CANDIDATE — DEFER EXACT,Market Stall,POC EVIDENCE,"Concept may remain useful, but current source set does not prove this exact POC Block/ID is canonical. Re-evaluate in FCC-13B/C."
120,VXL_BLK_Defence_VillageAlarmBell,village.bell.alarm,Village Alarm Bell,block,Defence / Alert,SYSTEM/OBJECT CANDIDATE — DEFER EXACT,Village Alarm Bell,POC EVIDENCE,"Concept may remain useful, but current source set does not prove this exact POC Block/ID is canonical. Re-evaluate in FCC-13B/C."
121,VXL_BLK_Village_VillageShrine,village.shrine.basic,Village Shrine,block,Village / Culture Magic,SYSTEM/OBJECT CANDIDATE — DEFER EXACT,Village Shrine,POC EVIDENCE,"Concept may remain useful, but current source set does not prove this exact POC Block/ID is canonical. Re-evaluate in FCC-13B/C."
122,VXL_BLK_Defence_StoneDefensiveWall,defence.wall.stone,Stone Defensive Wall,block,Defence / Wall,PROVIDER/FORM REBIND,actual stone/provider + authored construction form,LOCKED FCC-12,Generic stone must resolve through actual material/provider semantics.
123,VXL_BLK_Defence_IronGate,defence.gate.iron,Iron Gate,block,Defence / Gate,SYSTEM/OBJECT CANDIDATE — DEFER EXACT,Iron Gate,POC EVIDENCE,"Concept may remain useful, but current source set does not prove this exact POC Block/ID is canonical. Re-evaluate in FCC-13B/C."
124,VXL_BLK_Defence_WoodenBarricade,defence.barricade.wood,Wooden Barricade,block,Defence / Temporary,OBJECT/PROVIDER REBIND,timber material/provider + construction archetype,FCC-12 + PROJECT SYSTEM,Retain actual timber composition; exact object/archetype remains FCC-13B work.
125,VXL_BLK_Fluid_LavaMagma,hazard.lava.flowing,Lava / Magma,block,Fluid / Hazard,CLASS / WORLD REPRESENTATION,composition-aware molten-rock family/form,LOCKED FCC-12,Lava/Magma is not one realm-specific monolithic material.
126,VXL_BLK_Fluid_PoisonSludge,hazard.sludge.poison,Poison Sludge,block,Fluid / Hazard,FLUID MIXTURE — UNCONFIRMED,authored fluid mixture if later retained,POC ONLY,No current locked FCC-12 exact material target established.
127,VXL_BLK_Hazard_ThornVine,hazard.vine.thorn,Thorn Vine,block,Hazard / Plant,LIVING/NATURAL OBJECT — DEFER EXACT,species/plant object and harvested products as later bound,POC + ECOLOGY SYSTEM,Do not infer a new material identity from the world object.
128,VXL_BLK_Hazard_CursedGround,hazard.ground.cursed,Cursed Ground,block,Hazard / Magic,STATE/OVERLAY — UNCONFIRMED,actual ground + authored curse state/overlay if retained,POC ONLY + FCC-12 STATE RULE,Current locked material canon does not prove this exact hazard survives; must not become a new base ground material.
129,VXL_BLK_Terrain_Quicksand,hazard.quicksand.basic,Quicksand,block,Terrain / Hazard,TERRAIN STATE/MIXTURE REVIEW,sand/sediment + saturation/mechanical state,FCC-12 PRINCIPLE + POC,Likely state/mixture rather than new universal base material; exact simulation binding remains open.
130,VXL_BLK_Weather_SnowLayer,hazard.snow_layer,Snow Layer,block,Weather / Terrain,PHASE/FORM REVIEW,Water-derived frozen/snow world representation,FCC-12 PRINCIPLE + POC,"Phase/form semantics are expected, but exact world-object binding remains FCC-13B."
131,VXL_BLK_Fluid_ArcaneManaFluid,fluid.mana.arcane,Arcane Mana Fluid,block,Fluid / Magic,DEFER / UNCONFIRMED FLUID,none yet,POC ONLY,No current locked FCC-12 material identity supports automatic carry-forward.
132,VXL_BLK_Hazard_SteamVent,hazard.steam_vent.basic,Steam Vent,block,Hazard / Gas,WORLD FEATURE / PHASE RELATION,vent feature emitting Water vapour/steam or authored gas,FCC-12 PRINCIPLE + POC,"Vent is a world feature, not itself a material."
133,VXL_BLK_Dimension_Voidstone,realm.voidstone.basic,Voidstone,block,Dimension / Terrain,DEFER / MIGRATION-ONLY,future/deferred Void content,LOCKED FCC-12,Do not activate current playable Void material progression.
134,VXL_BLK_Dimension_CelestialStone,realm.celestial_stone.basic,Celestial Stone,block,Dimension / Terrain,MIGRATE CONTEXTUALLY,Cloudstone / Hymnstone / valid Ascendant state according to source context,LOCKED FCC-12,Obsolete generic Ascendant placeholder.
135,VXL_BLK_Dimension_FaeGrass,realm.fae_grass.basic,Fae Grass,block,Dimension / Terrain,MIGRATE CONTEXTUALLY,actual Verdant flora/terrain definition,LOCKED FCC-12,"Legacy flora/terrain label, not an exact material."
136,VXL_BLK_Dimension_DreamGlass,realm.dream_glass.basic,Dream Glass,block,Dimension / Construction,MIGRATE CONTEXTUALLY,Lucid Glass or documented Lucid Glass state/product,LOCKED FCC-12,Do not retain generic Dream Glass as a separate base material.
137,VXL_BLK_Dimension_InfernalBrick,realm.infernal_brick.basic,Infernal Brick,block,Dimension / Construction,MIGRATE,Ash Brick lineage,LOCKED FCC-12,Legacy Ashen construction term.
138,VXL_BLK_Dimension_DeepForgeStone,realm.deep_forge_stone.basic,Deep Forge Stone,block,Dimension / Stone,RETIRE / CONTEXTUAL MIGRATION,canonical Impossible Deep stone/form determined by source context,LOCKED FCC-12,Independent natural material family retired.
139,VXL_BLK_Dimension_BrokenPortalBlock,magic.portal.broken,Broken Portal Block,block,Dimension / Teaser,STATE / STRUCTURE PIECE,damaged/ruined state or piece of a canonical portal structure,LOCKED FCC-12,Not a standalone generic realm-access Block.
140,VXL_BLK_Dimension_UnstableRiftBlock,magic.rift.unstable,Unstable Rift Block,block,Dimension / Teaser,ANOMALY / INTERFACE,rift/anomaly/event content,LOCKED FCC-12,Not a normal material or generic portal Block.
141,VXL_BLK_Dimension_StrangeRealmOre,ore.dimension.unknown,Strange Realm Ore,block,Dimension / Resource,REJECT,none,LOCKED FCC-12,Generic dimensional filler material rejected.
142,VXL_ITM_RawResource_OakLog,item.resource.log_oak,Oak Log,item,Raw Resource / Wood,MERGE / SINGLE-DEFINITION,Oak timber/log object,FCC-12 SINGLE-DEFINITION,Pairs with legacy Block 9. Final Block/inventory projections must not create duplicate underlying objects.
143,VXL_ITM_RawResource_Stick,item.resource.stick,Stick,item,Raw Resource / Plant,FORM / PROVIDER,compatible wood/plant material + stick form,FCC-12,Generic physical form; actual material should be preserved.
144,VXL_ITM_RawResource_PlantFibre,item.resource.plant_fibre,Plant Fibre,item,Raw Resource / Fibre,CATEGORY / PROVIDER,"exact botanical fibre, Mixed Plant Fibre, or fibre provider semantics",LOCKED FCC-12,Plant Fibre is not the universal identity of all botanical fibres.
145,VXL_ITM_ProcessedMaterial_ThatchBundle,item.resource.thatch_bundle,Thatch Bundle,item,Processed Material / Fibre,FORM/PRODUCT REBIND,valid fibre/plant provider + authored form/product,LOCKED FCC-12,Underlying fibre/material must remain explicit; do not use generic Plant Fibre as universal identity.
146,VXL_ITM_RawResource_StoneChunk,item.resource.stone_chunk,Stone Chunk,item,Raw Resource / Stone,GENERIC FORM / CONTEXTUAL,actual stone material + chunk form,LOCKED FCC-12,Must retain the source stone rather than become generic Stone matter.
147,VXL_ITM_RawResource_Flint,item.resource.flint,Flint,item,Raw Resource / Stone,MATERIAL/FORM REVIEW,Flint,POC EVIDENCE + FCC-12,"Resolve underlying canonical material, form and transformation explicitly before rebinding."
148,VXL_ITM_RawResource_ClayLump,item.resource.clay_lump,Clay Lump,item,Raw Resource / Clay,CLASS / FORM,specific clay material/profile + lump form,LOCKED FCC-12,Do not collapse all clay into one exact material.
149,VXL_ITM_RawResource_Sand,item.resource.sand,Sand,item,Raw Resource / Loose,CATEGORY / FORM,composition-bearing Sand class,LOCKED FCC-12,Exact underlying material follows composition.
150,VXL_ITM_RawResource_CoalChunk,item.resource.coal_chunk,Coal Chunk,item,Raw Resource / Fuel,FORM / REBIND,Coal + chunk form,CURRENT CANON,Coal is canonical fuel; chunk is form.
151,VXL_ITM_RawResource_RawCopperOre,item.resource.raw_copper_ore,Raw Copper Ore,item,Raw Resource / Ore,SOURCE / FEEDSTOCK,Copper-bearing ore/feedstock,LOCKED FCC-12,Ore is not refined Copper; grade/composition remain separate.
152,VXL_ITM_RefinedMaterial_CopperIngot,item.material.copper_ingot,Copper Ingot,item,Refined Material / Metal,FORM / REBIND CANONICAL,Copper + ingot form,LOCKED FCC-12,Copper is canonical/shared where equivalent; ingot is a physical/product form.
153,VXL_ITM_MachineMaterial_CopperWire,item.material.copper_wire,Copper Wire,item,Machine Material / Metal,FORM / REBIND CANONICAL,Copper + wire form,LOCKED FCC-12,Copper is canonical/shared where equivalent; wire is a physical/product form.
154,VXL_ITM_MachineMaterial_CopperPlate,item.material.copper_plate,Copper Plate,item,Machine Material / Metal,FORM / REBIND CANONICAL,Copper + plate form,LOCKED FCC-12,Copper is canonical/shared where equivalent; plate is a physical/product form.
155,VXL_MCH_MachineComponent_CopperGear,item.component.gear_copper,Copper Gear,item,Machine Component / Mechanical,COMPONENT REBIND,component object retaining actual source material,LOCKED FCC-12 + POC,Component is not a material family; exact component identity/recipe remains FCC-13C.
156,VXL_ITM_RawResource_RawIronOre,item.resource.raw_iron_ore,Raw Iron Ore,item,Raw Resource / Ore,SOURCE / FEEDSTOCK,Iron-bearing ore/feedstock,LOCKED FCC-12,Ore is not refined Iron; grade/composition remain separate.
157,VXL_ITM_RefinedMaterial_IronIngot,item.material.iron_ingot,Iron Ingot,item,Refined Material / Metal,FORM / REBIND CANONICAL,Iron + ingot form,LOCKED FCC-12,Iron is canonical/shared where equivalent; ingot is a physical/product form.
158,VXL_ITM_MachineMaterial_IronPlate,item.material.iron_plate,Iron Plate,item,Machine Material / Metal,FORM / REBIND CANONICAL,Iron + plate form,LOCKED FCC-12,Iron is canonical/shared where equivalent; plate is a physical/product form.
159,VXL_ITM_MachineMaterial_IronRod,item.material.iron_rod,Iron Rod,item,Machine Material / Metal,FORM / REBIND CANONICAL,Iron + rod form,LOCKED FCC-12,Iron is canonical/shared where equivalent; rod is a physical/product form.
160,VXL_ITM_ConstructionMaterial_IronNails,item.material.iron_nails,Iron Nails,item,Construction Material / Metal,FORM / REBIND CANONICAL,Iron + fastener/nails form,LOCKED FCC-12,Iron is canonical/shared where equivalent; fastener/nails is a physical/product form.
161,VXL_ITM_RawResource_RawManaCrystal,item.resource.raw_mana_crystal,Raw Mana Crystal,item,Raw Resource / Magic,REBIND CANONICAL,Raw Mana Crystal,LOCKED FCC-12,Canonical material.
162,VXL_ITM_MagicComponent_ManaShard,item.resource.mana_shard,Mana Shard,item,Magic Component / Crystal,FORM / PRODUCT,Raw Mana Crystal / canonical mana-crystal lineage + shard form,LOCKED FCC-12,"Derived form/product, not unrelated material."
163,VXL_ITM_MagicComponent_ManaDust,item.resource.mana_dust,Mana Dust,item,Magic Component / Powder,FORM / PRODUCT,Raw Mana Crystal / canonical mana-crystal lineage + dust form,LOCKED FCC-12,"Derived form/product, not unrelated material."
164,VXL_ITM_MagicComponent_BlankRuneStone,item.material.blank_rune_stone,Blank Rune Stone,item,Magic Component / Rune Base,DEFER / UNCONFIRMED,Blank Rune Stone,POC EVIDENCE,No automatic canonical carry-forward. Requires a later FCC-13 source/canon decision.
165,VXL_ITM_MagicComponent_BasicRune,item.magic.rune.basic,Basic Rune,item,Magic Component / Rune,DEFER / UNCONFIRMED,Basic Rune,POC EVIDENCE,No automatic canonical carry-forward. Requires a later FCC-13 source/canon decision.
166,VXL_ITM_MagicComponent_BasicWardCore,item.magic.core.ward_basic,Basic Ward Core,item,Magic Component / Ward,COMPONENT / DEFER EXACT,Basic Ward Core,POC EVIDENCE,"Treat as a manufactured component, not material. Current sources do not by themselves prove the exact component survives unchanged."
167,VXL_ITM_ProcessedMaterial_OakPlank,item.material.plank_oak,Oak Plank,item,Processed Material / Wood,RELATIONSHIP CLUSTER / REBIND,Oak timber + plank form,FCC-12 + POC EVIDENCE,Related to Block 11; singular/plural legacy naming must not force duplicate semantics.
168,VXL_ITM_ConstructionMaterial_OakBeam,item.material.beam_oak,Oak Beam,item,Construction Material / Wood,MERGE / SINGLE-DEFINITION,Oak timber beam object,FCC-12 SINGLE-DEFINITION,Pairs with legacy Block 33. Final Block/inventory projections must not create duplicate underlying objects.
169,VXL_ITM_ConstructionMaterial_Cobblestone,item.material.cobblestone,Cobblestone,item,Construction Material / Stone,MERGE / SINGLE-DEFINITION,stone-material cobble object,FCC-12 SINGLE-DEFINITION,Pairs with legacy Block 32. Final Block/inventory projections must not create duplicate underlying objects.
170,VXL_ITM_ConstructionMaterial_StoneBrick,item.material.stone_brick,Stone Brick,item,Construction Material / Stone,MERGE / SINGLE-DEFINITION,stone-material masonry brick object,FCC-12 SINGLE-DEFINITION,Pairs with legacy Block 31. Final Block/inventory projections must not create duplicate underlying objects.
171,VXL_ITM_ProcessedMaterial_GlassPiece,item.material.glass_piece,Glass Piece,item,Processed Material / Glass,FORM / CONTEXTUAL,actual glass material + piece/shard form,LOCKED FCC-12,Ordinary or specialist glass identity must be retained.
172,VXL_ITM_Food_WildBerries,item.food.wild_berries,Wild Berries,item,Food / Ingredient,DEFER / CONTENT REVIEW,Wild Berries,POC EVIDENCE,No FCC-12 material decision makes this exact gameplay object canonical. Preserve as migration/content evidence for later FCC-13 binding.
173,VXL_ITM_Seed_WheatSeed,item.seed.wheat_basic,Wheat Seed,item,Seed / Crop,DEFER / UNCONFIRMED,Wheat Seed,POC EVIDENCE,No automatic canonical carry-forward. Requires a later FCC-13 source/canon decision.
174,VXL_ITM_Food_Wheat,item.crop.wheat,Wheat,item,Food / Crop,DEFER / CONTENT REVIEW,Wheat,POC EVIDENCE,No FCC-12 material decision makes this exact gameplay object canonical. Preserve as migration/content evidence for later FCC-13 binding.
175,VXL_ITM_Food_Bread,item.food.bread,Bread,item,Food / Meal,DEFER / CONTENT REVIEW,Bread,POC EVIDENCE,No FCC-12 material decision makes this exact gameplay object canonical. Preserve as migration/content evidence for later FCC-13 binding.
176,VXL_ITM_Food_RawMeat,item.food.raw_meat,Raw Meat,item,Food / Ingredient,DEFER / CONTENT REVIEW,Raw Meat,POC EVIDENCE,No FCC-12 material decision makes this exact gameplay object canonical. Preserve as migration/content evidence for later FCC-13 binding.
177,VXL_ITM_Food_CookedMeat,item.food.cooked_meat,Cooked Meat,item,Food / Meal,DEFER / CONTENT REVIEW,Cooked Meat,POC EVIDENCE,No FCC-12 material decision makes this exact gameplay object canonical. Preserve as migration/content evidence for later FCC-13 binding.
178,VXL_ITM_Food_SimpleStew,item.food.simple_stew,Simple Stew,item,Food / Meal,DEFER / CONTENT REVIEW,Simple Stew,POC EVIDENCE,No FCC-12 material decision makes this exact gameplay object canonical. Preserve as migration/content evidence for later FCC-13 binding.
179,VXL_ITM_Drink_WaterFlask,item.drink.water_flask,Water Flask,item,Drink / Utility,DEFER / CONTENT REVIEW,Water Flask,POC EVIDENCE,No FCC-12 material decision makes this exact gameplay object canonical. Preserve as migration/content evidence for later FCC-13 binding.
180,VXL_ITM_Tool_CrudePickaxe,item.tool.crude_pickaxe,Crude Pickaxe,item,Tool / Pickaxe,DEFER / TOOL REVIEW,Crude Pickaxe,POC EVIDENCE,Tool family may be valid; exact POC tool identity/progression remains FCC-13/other content work unless separately locked.
181,VXL_ITM_Tool_CrudeAxe,item.tool.crude_axe,Crude Axe,item,Tool / Axe,DEFER / TOOL REVIEW,Crude Axe,POC EVIDENCE,Tool family may be valid; exact POC tool identity/progression remains FCC-13/other content work unless separately locked.
182,VXL_ITM_Tool_StonePickaxe,item.tool.stone_pickaxe,Stone Pickaxe,item,Tool / Pickaxe,DEFER / TOOL REVIEW,Stone Pickaxe,POC EVIDENCE,Tool family may be valid; exact POC tool identity/progression remains FCC-13/other content work unless separately locked.
183,VXL_ITM_Tool_StoneAxe,item.tool.stone_axe,Stone Axe,item,Tool / Axe,DEFER / TOOL REVIEW,Stone Axe,POC EVIDENCE,Tool family may be valid; exact POC tool identity/progression remains FCC-13/other content work unless separately locked.
184,VXL_ITM_Tool_IronPickaxe,item.tool.iron_pickaxe,Iron Pickaxe,item,Tool / Pickaxe,DEFER / TOOL REVIEW,Iron Pickaxe,POC EVIDENCE,Tool family may be valid; exact POC tool identity/progression remains FCC-13/other content work unless separately locked.
185,VXL_ITM_Tool_IronAxe,item.tool.iron_axe,Iron Axe,item,Tool / Axe,DEFER / TOOL REVIEW,Iron Axe,POC EVIDENCE,Tool family may be valid; exact POC tool identity/progression remains FCC-13/other content work unless separately locked.
186,VXL_ITM_Tool_BasicHammer,item.tool.hammer_basic,Basic Hammer,item,Tool / Building,REBIND CANDIDATE,Hammer,PROJECT SYSTEM + POC,Hammer tool family is an established Leyforge special tool concept; exact 'Basic' row remains binding-stage work.
187,VXL_ITM_Tool_BasicWrench,item.tool.wrench_basic,Basic Wrench,item,Tool / Automation,REBIND CANDIDATE,Wrench,PROJECT SYSTEM + POC,Wrench tool family is an established Leyforge special tool concept.
188,VXL_ITM_Tool_BasicRuneTuner,item.tool.rune_tuner_basic,Basic Rune Tuner,item,Tool / Magic Automation,REBIND CANDIDATE,Rune Tuner,PROJECT SYSTEM + POC,Rune Tuner is an established Leyforge special tool concept.
189,VXL_ITM_Tool_RuneChisel,item.tool.rune_chisel,Rune Chisel,item,Tool / Magic Crafting,REBIND CANDIDATE,Rune Chisel,PROJECT SYSTEM + POC,Rune Chisel is an established Leyforge special tool concept.
190,VXL_ITM_Tool_BlueprintTool,item.tool.blueprint_tool,Blueprint Tool,item,Tool / Planning,DEFER / TOOL REVIEW,Blueprint Tool,POC EVIDENCE,Tool family may be valid; exact POC tool identity/progression remains FCC-13/other content work unless separately locked.
191,VXL_ITM_Weapon_IronSword,item.weapon.iron_sword,Iron Sword,item,Weapon / Melee,DEFER / EQUIPMENT REVIEW,Iron Sword,POC EVIDENCE,"Equipment concept may fit Leyforge, but exact POC object is not proven by FCC-12 and must not be auto-promoted."
192,VXL_ITM_Weapon_WoodenBow,item.weapon.wooden_bow,Wooden Bow,item,Weapon / Ranged,DEFER / EQUIPMENT REVIEW,Wooden Bow,POC EVIDENCE,"Equipment concept may fit Leyforge, but exact POC object is not proven by FCC-12 and must not be auto-promoted."
193,VXL_ITM_Ammo_ArrowBundle,item.ammo.arrow_bundle,Arrow Bundle,item,Ammo / Ranged,DEFER / EQUIPMENT REVIEW,Arrow Bundle,POC EVIDENCE,"Equipment concept may fit Leyforge, but exact POC object is not proven by FCC-12 and must not be auto-promoted."
194,VXL_ITM_Weapon_ApprenticeStaff,item.weapon.apprentice_staff,Apprentice Staff,item,Weapon / Magic Focus,DEFER / EQUIPMENT REVIEW,Apprentice Staff,POC EVIDENCE,"Equipment concept may fit Leyforge, but exact POC object is not proven by FCC-12 and must not be auto-promoted."
195,VXL_ITM_Equipment_WoodenShield,item.equipment.wooden_shield,Wooden Shield,item,Equipment / Shield,DEFER / EQUIPMENT REVIEW,Wooden Shield,POC EVIDENCE,"Equipment concept may fit Leyforge, but exact POC object is not proven by FCC-12 and must not be auto-promoted."
196,VXL_ITM_Armour_LeatherTunic,item.armor.leather_tunic,Leather Tunic,item,Armour / Light,DEFER / EQUIPMENT REVIEW,Leather Tunic,POC EVIDENCE,"Equipment concept may fit Leyforge, but exact POC object is not proven by FCC-12 and must not be auto-promoted."
197,VXL_ITM_Equipment_SmallBackpack,item.equipment.small_backpack,Small Backpack,item,Equipment / Carrying,DEFER / EQUIPMENT REVIEW,Small Backpack,POC EVIDENCE,"Equipment concept may fit Leyforge, but exact POC object is not proven by FCC-12 and must not be auto-promoted."
198,VXL_MCH_MachineComponent_WoodenMachineFrame,item.component.machine_frame_wood,Wooden Machine Frame,item,Machine Component / Frame,COMPONENT REBIND,component object retaining actual source material,LOCKED FCC-12 + POC,Component is not a material family; exact component identity/recipe remains FCC-13C.
199,VXL_MCH_MachineComponent_CopperMachineFrame,item.component.machine_frame_copper,Copper Machine Frame,item,Machine Component / Frame,COMPONENT REBIND,component object retaining actual source material,LOCKED FCC-12 + POC,Component is not a material family; exact component identity/recipe remains FCC-13C.
200,VXL_MCH_MachineComponent_BasicMachineCore,item.component.machine_core_basic,Basic Machine Core,item,Machine Component / Core,COMPONENT / DEFER EXACT,Basic Machine Core,POC EVIDENCE,"Treat as a manufactured component, not material. Current sources do not by themselves prove the exact component survives unchanged."
201,VXL_MCH_MachineComponent_ItemChuteSegment,item.component.chute_segment,Item Chute Segment,item,Machine Component / Logistics,COMPONENT REBIND CANDIDATE,Item Chute Segment,PROJECT SYSTEM + POC,Component relationship is plausible for established logistics systems; exact canonical identity remains FCC-13C.
202,VXL_MCH_MachineComponent_IronMinerHead,item.component.miner_head_iron,Iron Miner Head,item,Machine Component / Mining,COMPONENT REBIND,component object retaining actual source material,LOCKED FCC-12 + POC,Component is not a material family; exact component identity/recipe remains FCC-13C.
203,VXL_MCH_MachineComponent_StoneFurnaceCore,item.component.furnace_core_stone,Stone Furnace Core,item,Machine Component / Processing,COMPONENT / DEFER EXACT,Stone Furnace Core,POC EVIDENCE,"Treat as a manufactured component, not material. Current sources do not by themselves prove the exact component survives unchanged."
204,VXL_MCH_MachineComponent_ManaFurnaceCore,item.component.mana_furnace_core,Mana Furnace Core,item,Machine Component / Magic Processing,COMPONENT / DEFER EXACT,Mana Furnace Core,POC EVIDENCE,"Treat as a manufactured component, not material. Current sources do not by themselves prove the exact component survives unchanged."
205,VXL_MCH_MagicComponent_WardLanternCore,item.component.ward_lantern_core,Ward Lantern Core,item,Magic Component / Defence,COMPONENT / DEFER EXACT,Ward Lantern Core,POC EVIDENCE,"Treat as a manufactured component, not material. Current sources do not by themselves prove the exact component survives unchanged."
206,VXL_ITM_Currency_CopperTradeCoin,item.economy.trade_coin_copper,Copper Trade Coin,item,Currency / Economy,DEFER / ECONOMY BINDING,Copper Trade Coin,FCC-01 ECONOMY + POC,Currency is not universally fixed; this POC row must not become universal money by inheritance.
207,VXL_ITM_Economy_VillageSupplyToken,item.economy.village_supply_token,Village Supply Token,item,Economy / Village,DEFER / ECONOMY BINDING,Village Supply Token,FCC-01 ECONOMY + POC,Currency is not universally fixed; this POC row must not become universal money by inheritance.
208,VXL_ITM_QuestItem_BuilderRequestSlip,item.quest.builder_request_slip,Builder Request Slip,item,Quest Item / Village,DEFER / CONTENT REVIEW,Builder Request Slip,POC EVIDENCE,No FCC-12 material decision makes this exact gameplay object canonical. Preserve as migration/content evidence for later FCC-13 binding.
209,VXL_ITM_QuestItem_WarehouseCrateManifest,item.quest.warehouse_manifest,Warehouse Crate Manifest,item,Quest Item / Logistics,DEFER / CONTENT REVIEW,Warehouse Crate Manifest,POC EVIDENCE,No FCC-12 material decision makes this exact gameplay object canonical. Preserve as migration/content evidence for later FCC-13 binding.
210,VXL_ITM_MonsterDrop_GoblinScrap,item.loot.goblin_scrap,Goblin Scrap,item,Monster Drop / Material,HOLD / PERSONHOOD-CATEGORY REVIEW,Goblin Scrap,FCC-01 PERSONHOOD + POC,Goblin is a sapient ancestry; legacy 'Monster Drop' categorisation must not imply generic monster/dehumanised loot semantics.
211,VXL_ITM_MonsterDrop_CrudeGoblinBlade,item.loot.crude_goblin_blade,Crude Goblin Blade,item,Monster Drop / Weapon,HOLD / PERSONHOOD-CATEGORY REVIEW,Crude Goblin Blade,FCC-01 PERSONHOOD + POC,Goblin is a sapient ancestry; legacy 'Monster Drop' categorisation must not imply generic monster/dehumanised loot semantics.
212,VXL_ITM_MonsterDrop_WeakMonsterEssence,item.loot.monster_essence_low,Weak Monster Essence,item,Monster Drop / Magic,DEFER / LOOT REVIEW,Weak Monster Essence,POC EVIDENCE,Exact drop/creature provenance is not established by FCC-12.
213,VXL_ITM_Knowledge_TornResearchPage,item.knowledge.torn_research_page,Torn Research Page,item,Knowledge / Research,DEFER / CONTENT REVIEW,Torn Research Page,POC EVIDENCE,No FCC-12 material decision makes this exact gameplay object canonical. Preserve as migration/content evidence for later FCC-13 binding.
214,VXL_ITM_Knowledge_BasicRuneNote,item.knowledge.basic_rune_note,Basic Rune Note,item,Knowledge / Recipe,DEFER / CONTENT REVIEW,Basic Rune Note,POC EVIDENCE,No FCC-12 material decision makes this exact gameplay object canonical. Preserve as migration/content evidence for later FCC-13 binding.
215,VXL_ITM_Knowledge_LocalMapFragment,item.knowledge.map_fragment_local,Local Map Fragment,item,Knowledge / Map,DEFER / CONTENT REVIEW,Local Map Fragment,POC EVIDENCE,No FCC-12 material decision makes this exact gameplay object canonical. Preserve as migration/content evidence for later FCC-13 binding.
216,VXL_ITM_RawResource_Gravel,item.resource.gravel,Gravel,item,Raw Resource / Loose,CATEGORY / FORM,composition-bearing Gravel class,LOCKED FCC-12,Exact underlying material follows composition.
217,VXL_ITM_RawResource_CommonHerb,item.resource.herb_common,Common Herb,item,Raw Resource / Alchemy,MATERIAL/FORM REVIEW,Common Herb,POC EVIDENCE + FCC-12,"Resolve underlying canonical material, form and transformation explicitly before rebinding."
218,VXL_ITM_Food_CaveMushroom,item.resource.cave_mushroom,Cave Mushroom,item,Food / Alchemy Ingredient,RELATIONSHIP CLUSTER / REBIND,harvested Cave Mushroom product,FCC-12 + POC EVIDENCE,"Related to Block 59; lifecycle split candidate, not automatic merge."
219,VXL_ITM_RawResource_Reed,item.resource.reed,Reed,item,Raw Resource / Plant,RELATIONSHIP CLUSTER / REBIND,harvested reed material/product,FCC-12 + POC EVIDENCE,Related to Block 58; harvested product may be distinct lifecycle representation.
220,VXL_ITM_ProcessedMaterial_Paper,item.material.paper,Paper,item,Processed Material / Knowledge,MATERIAL/FORM REVIEW,Paper,POC EVIDENCE + FCC-12,"Resolve underlying canonical material, form and transformation explicitly before rebinding."
221,VXL_ITM_ProcessedMaterial_BasicInk,item.material.ink_basic,Basic Ink,item,Processed Material / Writing,MATERIAL/FORM REVIEW,Basic Ink,POC EVIDENCE + FCC-12,"Resolve underlying canonical material, form and transformation explicitly before rebinding."
222,VXL_ITM_ProcessedMaterial_Charcoal,item.material.charcoal,Charcoal,item,Processed Material / Fuel,PROCESSED MATERIAL / REBIND,Charcoal,CURRENT CANON,Canonical Overworld fuel; exact process binding belongs later FCC-13.
223,VXL_ITM_ConstructionMaterial_ClayBrick,item.material.clay_brick,Clay Brick,item,Construction Material / Brick,RELATIONSHIP CLUSTER / REBIND,fired ceramic/clay + brick form,FCC-12 + POC EVIDENCE,Related to Block 60.
224,VXL_ITM_ConstructionMaterial_ClayRoofTile,item.material.roof_tile_clay,Clay Roof Tile,item,Construction Material / Roof,MERGE / SINGLE-DEFINITION,ceramic/clay roof-tile object,FCC-12 SINGLE-DEFINITION,Pairs with legacy Block 61. Final Block/inventory projections must not create duplicate underlying objects.
225,VXL_ITM_ProcessedMaterial_Rope,item.material.rope,Rope,item,Processed Material / Fibre,FORM/PRODUCT REBIND,valid fibre/plant provider + authored form/product,LOCKED FCC-12,Underlying fibre/material must remain explicit; do not use generic Plant Fibre as universal identity.
226,VXL_ITM_ProcessedMaterial_BasicCloth,item.material.cloth_basic,Basic Cloth,item,Processed Material / Textile,FORM/PRODUCT REBIND,valid fibre/plant provider + authored form/product,LOCKED FCC-12,Underlying fibre/material must remain explicit; do not use generic Plant Fibre as universal identity.
227,VXL_ITM_ProcessedMaterial_Leather,item.material.leather,Leather,item,Processed Material / Hide,MATERIAL/FORM REVIEW,Leather,POC EVIDENCE + FCC-12,"Resolve underlying canonical material, form and transformation explicitly before rebinding."
228,VXL_ITM_RefinedMaterial_SteelIngot,item.material.steel_ingot,Steel Ingot,item,Refined Material / Metal,FORM / REBIND CANONICAL,Steel + ingot form,LOCKED FCC-12,Steel is canonical/shared where equivalent; ingot is a physical/product form.
229,VXL_ITM_MachineMaterial_SteelPlate,item.material.steel_plate,Steel Plate,item,Machine Material / Metal,FORM / REBIND CANONICAL,Steel + plate form,LOCKED FCC-12,Steel is canonical/shared where equivalent; plate is a physical/product form.
230,VXL_MCH_MachineComponent_IronGear,item.component.iron_gear,Iron Gear,item,Machine Component / Mechanical,COMPONENT REBIND,component object retaining actual source material,LOCKED FCC-12 + POC,Component is not a material family; exact component identity/recipe remains FCC-13C.
231,VXL_MCH_MachineComponent_WoodenGear,item.component.wooden_gear,Wooden Gear,item,Machine Component / Mechanical,COMPONENT REBIND,component object retaining actual source material,LOCKED FCC-12 + POC,Component is not a material family; exact component identity/recipe remains FCC-13C.
232,VXL_MCH_MachineComponent_WoodenShaft,item.component.shaft_wood,Wooden Shaft,item,Machine Component / Power,COMPONENT REBIND,component object retaining actual source material,LOCKED FCC-12 + POC,Component is not a material family; exact component identity/recipe remains FCC-13C.
233,VXL_MCH_MachineComponent_IronShaft,item.component.shaft_iron,Iron Shaft,item,Machine Component / Power,COMPONENT REBIND,component object retaining actual source material,LOCKED FCC-12 + POC,Component is not a material family; exact component identity/recipe remains FCC-13C.
234,VXL_MCH_MachineComponent_BeltRoll,item.component.belt_roll,Belt Roll,item,Machine Component / Logistics,COMPONENT REBIND CANDIDATE,Belt Roll,PROJECT SYSTEM + POC,Component relationship is plausible for established logistics systems; exact canonical identity remains FCC-13C.
235,VXL_MCH_MachineComponent_ItemPipeSection,item.component.item_pipe_section,Item Pipe Section,item,Machine Component / Logistics,COMPONENT REBIND CANDIDATE,Item Pipe Section,PROJECT SYSTEM + POC,Component relationship is plausible for established logistics systems; exact canonical identity remains FCC-13C.
236,VXL_MCH_MachineComponent_FluidPipeSection,item.component.fluid_pipe_section,Fluid Pipe Section,item,Machine Component / Fluid,COMPONENT REBIND CANDIDATE,Fluid Pipe Section,PROJECT SYSTEM + POC,Component relationship is plausible for established logistics systems; exact canonical identity remains FCC-13C.
237,VXL_MCH_MachineComponent_FilterScreen,item.component.filter_screen,Filter Screen,item,Machine Component / Sorting,COMPONENT REBIND CANDIDATE,Filter Screen,PROJECT SYSTEM + POC,Component relationship is plausible for established logistics systems; exact canonical identity remains FCC-13C.
238,VXL_MCH_MachineComponent_SorterCore,item.component.sorter_core,Sorter Core,item,Machine Component / Logic,COMPONENT REBIND CANDIDATE,Sorter Core,PROJECT SYSTEM + POC,Component relationship is plausible for established logistics systems; exact canonical identity remains FCC-13C.
239,VXL_MCH_MachineComponent_WaterWheelAxle,item.component.water_wheel_axle,Water Wheel Axle,item,Machine Component / Power,COMPONENT REBIND,component object retaining actual source material,LOCKED FCC-12 + POC,Component is not a material family; exact component identity/recipe remains FCC-13C.
240,VXL_MCH_MachineComponent_WindmillSail,item.component.windmill_sail,Windmill Sail,item,Machine Component / Power,COMPONENT REBIND,component object retaining actual source material,LOCKED FCC-12 + POC,Component is not a material family; exact component identity/recipe remains FCC-13C.
241,VXL_MCH_MagicMachineComponent_ManaCoil,item.component.mana_coil,Mana Coil,item,Magic Machine Component / Power,COMPONENT / DEFER EXACT,Mana Coil,POC EVIDENCE,"Treat as a manufactured component, not material. Current sources do not by themselves prove the exact component survives unchanged."
242,VXL_ITM_MagicMachineComponent_ManaBatteryCore,item.magic.mana_battery_core,Mana Battery Core,item,Magic Machine Component / Storage,COMPONENT / DEFER EXACT,Mana Battery Core,POC EVIDENCE,"Treat as a manufactured component, not material. Current sources do not by themselves prove the exact component survives unchanged."
243,VXL_ITM_Tool_IronShovel,item.tool.shovel_iron,Iron Shovel,item,Tool / Shovel,DEFER / TOOL REVIEW,Iron Shovel,POC EVIDENCE,Tool family may be valid; exact POC tool identity/progression remains FCC-13/other content work unless separately locked.
244,VXL_ITM_Tool_BasicHoe,item.tool.hoe_basic,Basic Hoe,item,Tool / Farming,DEFER / TOOL REVIEW,Basic Hoe,POC EVIDENCE,Tool family may be valid; exact POC tool identity/progression remains FCC-13/other content work unless separately locked.
245,VXL_ITM_Tool_BasicSickle,item.tool.sickle_basic,Basic Sickle,item,Tool / Harvesting,DEFER / TOOL REVIEW,Basic Sickle,POC EVIDENCE,Tool family may be valid; exact POC tool identity/progression remains FCC-13/other content work unless separately locked.
246,VXL_ITM_Tool_BasicSaw,item.tool.saw_basic,Basic Saw,item,Tool / Woodworking,DEFER / TOOL REVIEW,Basic Saw,POC EVIDENCE,Tool family may be valid; exact POC tool identity/progression remains FCC-13/other content work unless separately locked.
247,VXL_ITM_Tool_MeasuringRope,item.tool.measuring_rope,Measuring Rope,item,Tool / Planning,DEFER / TOOL REVIEW,Measuring Rope,POC EVIDENCE,Tool family may be valid; exact POC tool identity/progression remains FCC-13/other content work unless separately locked.
248,VXL_ITM_Weapon_StoneSpear,item.weapon.stone_spear,Stone Spear,item,Weapon / Melee,DEFER / EQUIPMENT REVIEW,Stone Spear,POC EVIDENCE,"Equipment concept may fit Leyforge, but exact POC object is not proven by FCC-12 and must not be auto-promoted."
249,VXL_ITM_Weapon_IronSpear,item.weapon.iron_spear,Iron Spear,item,Weapon / Melee,DEFER / EQUIPMENT REVIEW,Iron Spear,POC EVIDENCE,"Equipment concept may fit Leyforge, but exact POC object is not proven by FCC-12 and must not be auto-promoted."
250,VXL_ITM_Weapon_BasicCrossbow,item.weapon.crossbow_basic,Basic Crossbow,item,Weapon / Ranged,DEFER / EQUIPMENT REVIEW,Basic Crossbow,POC EVIDENCE,"Equipment concept may fit Leyforge, but exact POC object is not proven by FCC-12 and must not be auto-promoted."
251,VXL_ITM_Ammo_BoltBundle,item.ammo.bolt_bundle,Bolt Bundle,item,Ammo / Ranged,DEFER / EQUIPMENT REVIEW,Bolt Bundle,POC EVIDENCE,"Equipment concept may fit Leyforge, but exact POC object is not proven by FCC-12 and must not be auto-promoted."
252,VXL_ITM_Weapon_SparkWand,item.weapon.wand_spark,Spark Wand,item,Weapon / Magic Focus,DEFER / EQUIPMENT REVIEW,Spark Wand,POC EVIDENCE,"Equipment concept may fit Leyforge, but exact POC object is not proven by FCC-12 and must not be auto-promoted."
253,VXL_ITM_MagicEquipment_BlankSpellbook,item.weapon.spellbook_blank,Blank Spellbook,item,Magic Equipment / Spellbook,DEFER / EQUIPMENT REVIEW,Blank Spellbook,POC EVIDENCE,"Equipment concept may fit Leyforge, but exact POC object is not proven by FCC-12 and must not be auto-promoted."
254,VXL_ITM_Armour_IronHelmet,item.armor.iron_helmet,Iron Helmet,item,Armour / Heavy,DEFER / EQUIPMENT REVIEW,Iron Helmet,POC EVIDENCE,"Equipment concept may fit Leyforge, but exact POC object is not proven by FCC-12 and must not be auto-promoted."
255,VXL_ITM_Armour_IronChestplate,item.armor.iron_chestplate,Iron Chestplate,item,Armour / Heavy,DEFER / EQUIPMENT REVIEW,Iron Chestplate,POC EVIDENCE,"Equipment concept may fit Leyforge, but exact POC object is not proven by FCC-12 and must not be auto-promoted."
256,VXL_ITM_Armour_ApprenticeMageRobe,item.armor.mage_robe_apprentice,Apprentice Mage Robe,item,Armour / Magic Cloth,DEFER / EQUIPMENT REVIEW,Apprentice Mage Robe,POC EVIDENCE,"Equipment concept may fit Leyforge, but exact POC object is not proven by FCC-12 and must not be auto-promoted."
257,VXL_ITM_Equipment_IronShield,item.equipment.iron_shield,Iron Shield,item,Equipment / Shield,DEFER / EQUIPMENT REVIEW,Iron Shield,POC EVIDENCE,"Equipment concept may fit Leyforge, but exact POC object is not proven by FCC-12 and must not be auto-promoted."
258,VXL_ITM_Equipment_ToolBelt,item.equipment.tool_belt,Tool Belt,item,Equipment / Utility,DEFER / EQUIPMENT REVIEW,Tool Belt,POC EVIDENCE,"Equipment concept may fit Leyforge, but exact POC object is not proven by FCC-12 and must not be auto-promoted."
259,VXL_ITM_Food_RoastedMushroom,item.food.roasted_mushroom,Roasted Mushroom,item,Food / Meal,DEFER / CONTENT REVIEW,Roasted Mushroom,POC EVIDENCE,No FCC-12 material decision makes this exact gameplay object canonical. Preserve as migration/content evidence for later FCC-13 binding.
260,VXL_ITM_Food_VillageMealPack,item.food.village_meal_pack,Village Meal Pack,item,Food / Ration,DEFER / CONTENT REVIEW,Village Meal Pack,POC EVIDENCE,No FCC-12 material decision makes this exact gameplay object canonical. Preserve as migration/content evidence for later FCC-13 binding.
261,VXL_ITM_Drink_HerbalTea,item.drink.herbal_tea,Herbal Tea,item,Drink / Buff,DEFER / CONTENT REVIEW,Herbal Tea,POC EVIDENCE,No FCC-12 material decision makes this exact gameplay object canonical. Preserve as migration/content evidence for later FCC-13 binding.
262,VXL_ITM_Consumable_HealingPoultice,item.consumable.healing_poultice,Healing Poultice,item,Consumable / Medicine,DEFER / CONTENT REVIEW,Healing Poultice,POC EVIDENCE,No FCC-12 material decision makes this exact gameplay object canonical. Preserve as migration/content evidence for later FCC-13 binding.
263,VXL_ITM_Consumable_BasicHealingPotion,item.consumable.healing_potion_basic,Basic Healing Potion,item,Consumable / Potion,DEFER / CONTENT REVIEW,Basic Healing Potion,POC EVIDENCE,No FCC-12 material decision makes this exact gameplay object canonical. Preserve as migration/content evidence for later FCC-13 binding.
264,VXL_ITM_Consumable_MinorRecallScroll,item.consumable.scroll_recall_minor,Minor Recall Scroll,item,Consumable / Scroll,DEFER / CONTENT REVIEW,Minor Recall Scroll,POC EVIDENCE,No FCC-12 material decision makes this exact gameplay object canonical. Preserve as migration/content evidence for later FCC-13 binding.
265,VXL_ITM_Currency_SilverTradeCoin,item.economy.trade_coin_silver,Silver Trade Coin,item,Currency / Economy,DEFER / ECONOMY BINDING,Silver Trade Coin,FCC-01 ECONOMY + POC,Currency is not universally fixed; this POC row must not become universal money by inheritance.
266,VXL_ITM_TradeGood_GrainSack,item.economy.grain_sack,Grain Sack,item,Trade Good / Food,DEFER / CONTENT REVIEW,Grain Sack,POC EVIDENCE,No FCC-12 material decision makes this exact gameplay object canonical. Preserve as migration/content evidence for later FCC-13 binding.
267,VXL_ITM_TradeGood_ToolBundle,item.economy.tool_bundle,Tool Bundle,item,Trade Good / Tools,DEFER / CONTENT REVIEW,Tool Bundle,POC EVIDENCE,No FCC-12 material decision makes this exact gameplay object canonical. Preserve as migration/content evidence for later FCC-13 binding.
268,VXL_ITM_TradeGood_GuardWeaponBundle,item.economy.guard_weapon_bundle,Guard Weapon Bundle,item,Trade Good / Defence,DEFER / CONTENT REVIEW,Guard Weapon Bundle,POC EVIDENCE,No FCC-12 material decision makes this exact gameplay object canonical. Preserve as migration/content evidence for later FCC-13 binding.
269,VXL_ITM_TradeGood_MedicalBundle,item.economy.medical_bundle,Medical Bundle,item,Trade Good / Medicine,DEFER / CONTENT REVIEW,Medical Bundle,POC EVIDENCE,No FCC-12 material decision makes this exact gameplay object canonical. Preserve as migration/content evidence for later FCC-13 binding.
270,VXL_ITM_TradeGood_FestivalGoods,item.economy.festival_goods,Festival Goods,item,Trade Good / Culture,DEFER / CONTENT REVIEW,Festival Goods,POC EVIDENCE,No FCC-12 material decision makes this exact gameplay object canonical. Preserve as migration/content evidence for later FCC-13 binding.
271,VXL_ITM_Loot_WolfPelt,item.loot.wolf_pelt,Wolf Pelt,item,Loot / Hide,DEFER / LOOT REVIEW,Wolf Pelt,POC EVIDENCE,Exact drop/creature provenance is not established by FCC-12.
272,VXL_ITM_Loot_BeastFang,item.loot.beast_fang,Beast Fang,item,Loot / Trophy Component,DEFER / LOOT REVIEW,Beast Fang,POC EVIDENCE,Exact drop/creature provenance is not established by FCC-12.
273,VXL_ITM_MagicLoot_WeakWispCore,item.loot.wisp_core_weak,Weak Wisp Core,item,Magic Loot / Core,COMPONENT / DEFER EXACT,Weak Wisp Core,POC EVIDENCE,"Treat as a manufactured component, not material. Current sources do not by themselves prove the exact component survives unchanged."
274,VXL_ITM_Loot_BanditBadge,item.loot.bandit_badge,Bandit Badge,item,Loot / Proof,DEFER / LOOT REVIEW,Bandit Badge,POC EVIDENCE,Exact drop/creature provenance is not established by FCC-12.
275,VXL_ITM_Treasure_AncientCoin,item.treasure.ancient_coin,Ancient Coin,item,Treasure / Relic Currency,DEFER / CONTENT REVIEW,Ancient Coin,POC EVIDENCE,No FCC-12 material decision makes this exact gameplay object canonical. Preserve as migration/content evidence for later FCC-13 binding.
276,VXL_ITM_Knowledge_BlankRecipeScroll,item.knowledge.recipe_scroll_blank,Blank Recipe Scroll,item,Knowledge / Writable,DEFER / CONTENT REVIEW,Blank Recipe Scroll,POC EVIDENCE,No FCC-12 material decision makes this exact gameplay object canonical. Preserve as migration/content evidence for later FCC-13 binding.
277,VXL_ITM_Knowledge_VillageConstructionPlan,item.knowledge.village_construction_plan,Village Construction Plan,item,Knowledge / Blueprint,DEFER / CONTENT REVIEW,Village Construction Plan,POC EVIDENCE,No FCC-12 material decision makes this exact gameplay object canonical. Preserve as migration/content evidence for later FCC-13 binding.
278,VXL_ITM_Knowledge_CultureCustomsBook,item.knowledge.culture_customs_book,Culture Customs Book,item,Knowledge / Culture,DEFER / CONTENT REVIEW,Culture Customs Book,POC EVIDENCE,No FCC-12 material decision makes this exact gameplay object canonical. Preserve as migration/content evidence for later FCC-13 binding.
279,VXL_ITM_Key_RustedOldKey,item.key.rusted_old_key,Rusted Old Key,item,Key / Dungeon,DEFER / CONTENT REVIEW,Rusted Old Key,POC EVIDENCE,No FCC-12 material decision makes this exact gameplay object canonical. Preserve as migration/content evidence for later FCC-13 binding.
280,VXL_ITM_Key_BrokenSealFragment,item.key.broken_seal_fragment,Broken Seal Fragment,item,Key / Story,DEFER / CONTENT REVIEW,Broken Seal Fragment,POC EVIDENCE,No FCC-12 material decision makes this exact gameplay object canonical. Preserve as migration/content evidence for later FCC-13 binding.
281,VXL_ITM_RefinedMaterial_ArcaneAlloyIngot,item.material.arcane_alloy_ingot,Arcane Alloy Ingot,item,Refined Material / Magitech,MATERIAL/FORM REVIEW,Arcane Alloy Ingot,POC EVIDENCE + FCC-12,"Resolve underlying canonical material, form and transformation explicitly before rebinding."
282,VXL_ITM_RefinedMaterial_MythrilIngot,item.material.mythril_ingot,Mythril Ingot,item,Refined Material / Magical Metal,FORM / REBIND CANONICAL,Mythril + ingot form,LOCKED FCC-12,Mythril is canonical; ingot is a form.
283,VXL_ITM_DimensionItem_FaeSeed,item.realm.fae_seed,Fae Seed,item,Dimension Item / Nature,CATEGORY / LEGACY,specific authored seed/plant where known,LOCKED FCC-12,"Fae Seed is category/flavour/legacy terminology, not a major exact material."
284,VXL_ITM_DimensionItem_InfernalAsh,item.realm.infernal_ash,Infernal Ash,item,Dimension Item / Infernal,REBIND CANONICAL,Infernal Ash,LOCKED FCC-12,Canonical Ashen material.
285,VXL_ITM_DimensionItem_DeepForgeEmber,item.realm.deep_forge_ember,Deep Forge Ember,item,Dimension Item / Deep Forge,MIGRATE CONTEXTUALLY,Deepfire Ember only if source/context confirms equivalence,LOCKED FCC-12 BOUNDARY,Do not create a new Deep Forge Ember material without evidence.
286,VXL_ITM_ForbiddenMagicComponent_ShadowEssence,item.magic.essence_shadow,Shadow Essence,item,Forbidden Magic Component,DEFER / UNCONFIRMED,Shadow Essence,POC EVIDENCE,No current FCC-12 exact material/component target established.
287,VXL_ITM_GolemancyComponent_ClayGolemHeart,item.magic.heart_golem_clay,Clay Golem Heart,item,Golemancy Component,COMPONENT / DEFER EXACT,Clay Golem Heart,POC EVIDENCE,"Manufactured component semantics are valid, but exact POC component survival/recipe remains unbound."
288,VXL_MCH_MagicMachineComponent_RuneEngineCore,item.component.rune_engine_core,Rune Engine Core,item,Magic Machine Component / Power,COMPONENT / DEFER EXACT,Rune Engine Core,POC EVIDENCE,"Treat as a manufactured component, not material. Current sources do not by themselves prove the exact component survives unchanged."
289,VXL_MCH_MagicMachineComponent_PortalStabiliser,item.component.portal_stabiliser,Portal Stabiliser,item,Magic Machine Component / Portal,COMPONENT / DEFER EXACT,Portal Stabiliser,POC EVIDENCE,"Treat as a manufactured component, not material. Current sources do not by themselves prove the exact component survives unchanged."
290,VXL_MCH_GolemancyComponent_GolemCommandGlyph,item.component.golem_command_glyph,Golem Command Glyph,item,Golemancy Component / Logic,COMPONENT / DEFER EXACT,Golem Command Glyph,POC EVIDENCE,"Treat as a manufactured component, not material. Current sources do not by themselves prove the exact component survives unchanged."
291,VXL_MCH_Relic_AncientMachineCore,item.artifact.ancient_machine_core,Ancient Machine Core,item,Relic / Ancient Tech,COMPONENT / DEFER EXACT,Ancient Machine Core,POC EVIDENCE,"Treat as a manufactured component, not material. Current sources do not by themselves prove the exact component survives unchanged."
292,VXL_ITM_Relic_LivingCrownSeed,item.artifact.living_crown_seed,Living Crown Seed,item,Relic / Nature,DEFER / PROVENANCE OBJECT REVIEW,Living Crown Seed,POC EVIDENCE,"Relic status is provenance/content, not a material tier. Exact object requires later canonical support."
293,VXL_ITM_Relic_VoidCompass,item.artifact.void_compass,Void Compass,item,Relic / Navigation,DEFER / PROVENANCE OBJECT REVIEW,Void Compass,POC EVIDENCE,"Relic status is provenance/content, not a material tier. Exact object requires later canonical support."
294,VXL_ITM_Weapon_MythrilSpellblade,item.weapon.mythril_spellblade,Mythril Spellblade,item,Weapon / Hybrid,DEFER / EQUIPMENT REVIEW,Mythril Spellblade,POC EVIDENCE,"Equipment concept may fit Leyforge, but exact POC object is not proven by FCC-12 and must not be auto-promoted."
295,VXL_ITM_Weapon_MasterRuneStaff,item.weapon.rune_staff_master,Master Rune Staff,item,Weapon / Magic Focus,DEFER / EQUIPMENT REVIEW,Master Rune Staff,POC EVIDENCE,"Equipment concept may fit Leyforge, but exact POC object is not proven by FCC-12 and must not be auto-promoted."
296,VXL_ITM_Armour_ArcaneEngineerCoat,item.armor.arcane_engineer_coat,Arcane Engineer Coat,item,Armour / Utility Magic,DEFER / EQUIPMENT REVIEW,Arcane Engineer Coat,POC EVIDENCE,"Equipment concept may fit Leyforge, but exact POC object is not proven by FCC-12 and must not be auto-promoted."
297,VXL_ITM_Equipment_LinkedSatchel,item.equipment.linked_satchel,Linked Satchel,item,Equipment / Magic Storage,DEFER / EQUIPMENT REVIEW,Linked Satchel,POC EVIDENCE,"Equipment concept may fit Leyforge, but exact POC object is not proven by FCC-12 and must not be auto-promoted."
298,VXL_ITM_CultureTradeGood_DwarvenGearwork,item.economy.dwarven_gearwork,Dwarven Gearwork,item,Culture Trade Good / Dwarf,DEFER / CONTENT REVIEW,Dwarven Gearwork,POC EVIDENCE,No FCC-12 material decision makes this exact gameplay object canonical. Preserve as migration/content evidence for later FCC-13 binding.
299,VXL_ITM_CultureTradeGood_ElvenLivingThread,item.economy.elven_living_thread,Elven Living Thread,item,Culture Trade Good / Elf,DEFER / CONTENT REVIEW,Elven Living Thread,POC EVIDENCE,No FCC-12 material decision makes this exact gameplay object canonical. Preserve as migration/content evidence for later FCC-13 binding.
300,VXL_ITM_CultureTradeGood_GoblinClockworkJunk,item.economy.goblin_clockwork_junk,Goblin Clockwork Junk,item,Culture Trade Good / Goblin,DEFER / CONTENT REVIEW,Goblin Clockwork Junk,POC EVIDENCE,No FCC-12 material decision makes this exact gameplay object canonical. Preserve as migration/content evidence for later FCC-13 binding.
301,VXL_ITM_Knowledge_AncientPortalRubbing,item.knowledge.portal_rubbing,Ancient Portal Rubbing,item,Knowledge / Dimension,DEFER / CONTENT REVIEW,Ancient Portal Rubbing,POC EVIDENCE,No FCC-12 material decision makes this exact gameplay object canonical. Preserve as migration/content evidence for later FCC-13 binding.
302,VXL_ITM_Knowledge_BossWeaknessCodex,item.knowledge.boss_weakness_codex,Boss Weakness Codex,item,Knowledge / Combat,DEFER / CONTENT REVIEW,Boss Weakness Codex,POC EVIDENCE,No FCC-12 material decision makes this exact gameplay object canonical. Preserve as migration/content evidence for later FCC-13 binding.
303,VXL_ITM_Trophy_CapturedRaiderBanner,item.trophy.raider_banner,Captured Raider Banner,item,Trophy / Faction,DEFER / CONTENT REVIEW,Captured Raider Banner,POC EVIDENCE,No FCC-12 material decision makes this exact gameplay object canonical. Preserve as migration/content evidence for later FCC-13 binding.
304,VXL_ITM_MonsterDrop_DrakeScale,item.trophy.drake_scale,Drake Scale,item,Monster Drop / Rare Trophy,DEFER / LOOT REVIEW,Drake Scale,POC EVIDENCE,Exact drop/creature provenance is not established by FCC-12.
305,VXL_ITM_QuestItem_FactionSeal,item.quest.faction_seal,Faction Seal,item,Quest Item / Diplomacy,DEFER / CONTENT REVIEW,Faction Seal,POC EVIDENCE,No FCC-12 material decision makes this exact gameplay object canonical. Preserve as migration/content evidence for later FCC-13 binding.
306,VXL_ITM_DimensionMaterial_VoidstoneShard,item.material.voidstone_shard,Voidstone Shard,item,Dimension Material / Void,DEFER / MIGRATION-ONLY,future/deferred Voidstone-derived content only if later canon restores it,LOCKED FCC-12,No active current Voidstone material progression.
307,VXL_ITM_DimensionMaterial_CelestialMetalFragment,item.material.celestial_fragment,Celestial Metal Fragment,item,Dimension Material / Celestial,FORM / REBIND CANONICAL,Celestial Metal + fragment form,LOCKED FCC-12,Celestial Metal is canonical; fragment is a physical form/product.
308,VXL_ITM_DimensionItem_DreamGlassShard,item.realm.dream_glass_shard,Dream Glass Shard,item,Dimension Item / Dream,MIGRATE CONTEXTUALLY,"Lucid Glass + shard form, or documented Lucid Glass state/product",LOCKED FCC-12,Legacy Dream Glass name must resolve through Lucid Glass semantics.
309,VXL_MCH_Automation_BasicMechanicalMiner,automation.machine.basic_miner,Basic Mechanical Miner,block,Automation / Machine,SYSTEM CANDIDATE / REBIND,Basic Mechanical Miner,PROJECT ARCHITECTURE + POC,"Concept aligns with established logistics/power/automation direction; exact ID, object model and progression status remain unbound."
310,VXL_BLK_Village_WarehouseInputHatch,automation.village.warehouse_input_hatch,Village Warehouse Input Hatch,block,Automation / Village Endpoint,SYSTEM CANDIDATE / REBIND,Village Warehouse Input Hatch,PROJECT ARCHITECTURE + POC,"Concept aligns with established logistics/power/automation direction; exact ID, object model and progression status remain unbound."
311,VXL_ITM_Tool_CrudeShovel,item.tool.shovel_crude,Crude Shovel,item,Tool / Shovel,DEFER / TOOL REVIEW,Crude Shovel,POC EVIDENCE,Tool family may be valid; exact POC tool identity/progression remains FCC-13/other content work unless separately locked.
312,VXL_ITM_Tool_StoneShovel,item.tool.shovel_stone,Stone Shovel,item,Tool / Shovel,DEFER / TOOL REVIEW,Stone Shovel,POC EVIDENCE,Tool family may be valid; exact POC tool identity/progression remains FCC-13/other content work unless separately locked.
